Epoch,NC1,NC2,NC3
epoch_001,0.3829,0.1256,0.43477513998931594
epoch_002,0.3873,0.1277,0.42937384116341193
